sample,numRef,numAlt,GQ
GP2-3_M,9,8,99.0
CC3-3_N,9,3,69.0
CC3-3_E,14,5,99.0
CC3-3_N,15,5,83.0
CC3-3_N,11,3,92.0
GP2-3_N,12,4,81.0
CC3-3_N,9,3,89.0
CC3-3_N,11,3,86.0
CC3-3_N,9,4,94.0
GP2-3_B,11,3,83.0
CC3-3_N,8,3,91.0
CC3-3_N,9,3,88.0
CC3-3_N,9,3,82.0
CC3-3_N,11,3,89.0
CC3-3_B,11,3,93.0
GP2-3_I,16,7,99.0
CC3-3_N,10,4,91.0
CC3-3_C,20,11,99.0
CC3-3_N,11,3,77.0
CC3-3_N,15,5,99.0
CC3-3_N,13,4,99.0
GP2-3_D,11,4,99.0
CC3-3_N,9,3,89.0
CC3-3_N,10,3,72.0
CC3-3_N,11,3,82.0
CC3-3_N,8,3,91.0
CC3-3_O,11,3,75.0
CC3-3_N,9,3,85.0
CC3-3_N,13,4,80.0
CC3-3_E,15,5,99.0
GP2-3_N,13,4,99.0
CC3-3_N,11,4,94.0
CC3-3_E,13,4,85.0
CC3-3_N,10,3,93.0
GP2-3_F,15,6,99.0
CC3-3_N,9,3,80.0
CC3-3_N,11,4,84.0
CC3-3_O,11,3,78.0
CC3-3_F,7,5,99.0
CC3-3_N,11,3,75.0
CC3-3_N,10,3,86.0
CC3-3_N,11,3,79.0
CC3-3_N,15,5,99.0
CC3-3_N,8,3,92.0
CC3-3_C,15,7,99.0
CC3-3_E,11,3,74.0
CC3-3_N,11,3,83.0
CC3-3_N,10,3,72.0
CC3-3_N,10,3,79.0
CC3-3_E,13,4,99.0
GP2-3_H,9,4,97.0
CC3-3_E,13,4,85.0
CC3-3_B,8,5,99.0
GP2-3_H,12,4,69.0
GP2-3_E,11,5,99.0
CC3-3_N,13,4,99.0
GP2-3_G,9,4,99.0
CC3-3_N,9,4,99.0
CC3-3_L,12,5,99.0
CC3-3_N,11,3,86.0
CC3-3_K,11,3,73.0
GP2-3_C,9,3,90.0
GP2-3_C,10,3,96.0
GP2-3_C,5,6,99.0
CC3-3_N,8,3,92.0
CC3-3_E,15,5,99.0
GP2-3_M,12,4,85.0
CC3-3_N,10,4,86.0
CC3-3_N,12,4,88.0
CC3-3_N,13,4,85.0
CC3-3_N,11,3,77.0
CC3-3_C,15,5,99.0
CC3-3_N,11,3,71.0
CC3-3_N,8,11,99.0
CC3-3_N,8,6,99.0
CC3-3_O,18,10,99.0
CC3-3_D,13,10,81.0
GP2-3_L,13,6,87.0
GP2-3_L,13,6,87.0
CC3-3_E,12,4,77.0
CC3-3_D,9,3,81.0
GP2-3_M,6,10,99.0
GP2-3_M,6,7,99.0
CC3-3_N,13,4,72.0
CC3-3_N,11,3,86.0
CC3-3_N,8,3,95.0
CC3-3_N,11,3,86.0
CC3-3_N,11,4,88.0
CC3-3_O,10,3,85.0
CC3-3_N,10,4,99.0
GP2-3_H,11,5,99.0
CC3-3_N,10,3,86.0
CC3-3_N,11,3,82.0
GP2-3_H,10,3,92.0
GP2-3_B,11,3,75.0
CC3-3_N,10,3,88.0
CC3-3_D,10,4,87.0
GP2-3_D,10,7,99.0
GP2-3_E,11,3,99.0
CC3-3_E,12,4,81.0
GP2-3_N,15,5,77.0
GP2-3_O,11,3,79.0
GP2-3_B,8,9,99.0
CC3-3_N,9,5,99.0
GP2-3_J,9,3,99.0
GP2-3_H,13,4,85.0
CC3-3_N,9,3,85.0
GP2-3_N,14,5,99.0
CC3-3_O,9,3,95.0
GP2-3_M,13,4,99.0
CC3-3_C,12,7,87.0
CC3-3_C,12,7,87.0
CC3-3_F,11,3,83.0
GP2-3_N,12,4,91.0
CC3-3_N,13,4,81.0
CC3-3_E,13,4,85.0
CC3-3_N,11,4,78.0
CC3-3_H,15,5,99.0
CC3-3_E,12,10,99.0
CC3-3_H,13,4,99.0
CC3-3_O,10,3,71.0
GP2-3_G,13,4,99.0
CC3-3_N,13,4,82.0
CC3-3_N,9,3,92.0
CC3-3_N,13,4,85.0
CC3-3_N,15,5,99.0
CC3-3_N,9,3,92.0
CC3-3_N,10,3,95.0
GP2-3_C,15,6,99.0
CC3-3_N,10,3,75.0
CC3-3_O,10,3,77.0
CC3-3_N,11,3,83.0
CC3-3_N,13,4,81.0
GP2-3_K,14,5,99.0
CC3-3_N,10,3,68.0
CC3-3_N,11,3,86.0
CC3-3_N,8,3,88.0
GP2-3_H,12,4,91.0
CC3-3_N,12,4,88.0
CC3-3_N,12,5,90.0
CC3-3_N,11,3,92.0
CC3-3_N,11,3,83.0
CC3-3_N,11,4,99.0
GP2-3_H,11,3,79.0
CC3-3_N,10,3,74.0
CC3-3_N,12,4,99.0
CC3-3_N,8,3,85.0
CC3-3_N,9,3,85.0
GP2-3_H,16,7,99.0
CC3-3_N,10,3,81.0
CC3-3_E,13,5,89.0
CC3-3_N,10,3,89.0
CC3-3_E,15,5,84.0
CC3-3_E,11,3,83.0
GP2-3_M,11,3,68.0
GP2-3_H,10,3,82.0
GP2-3_B,11,3,77.0
CC3-3_J,11,4,99.0
GP2-3_J,12,5,99.0
CC3-3_N,14,5,99.0
CC3-3_E,13,6,99.0
CC3-3_E,12,8,99.0
CC3-3_N,9,3,79.0
CC3-3_N,10,3,75.0
GP2-3_H,13,4,78.0
CC3-3_E,11,3,85.0
GP2-3_H,8,5,99.0
CC3-3_C,9,3,97.0
GP2-3_B,16,11,99.0
GP2-3_N,12,4,85.0
CC3-3_N,12,4,81.0
CC3-3_N,10,3,82.0
CC3-3_N,9,3,86.0
GP2-3_N,13,4,72.0
GP2-3_E,12,8,99.0
CC3-3_N,11,3,76.0
GP2-3_D,10,3,96.0
GP2-3_H,12,4,99.0
CC3-3_N,9,3,85.0
CC3-3_E,10,5,99.0
CC3-3_N,12,4,70.0
CC3-3_N,8,3,81.0
CC3-3_E,13,4,78.0
CC3-3_N,11,3,75.0
CC3-3_N,11,3,73.0
CC3-3_K,13,5,99.0
CC3-3_N,10,4,85.0
GP2-3_B,11,3,89.0
CC3-3_O,8,9,99.0
GP2-3_J,5,7,99.0
CC3-3_E,14,5,87.0
CC3-3_N,12,4,91.0
CC3-3_O,12,8,99.0
CC3-3_L,15,5,99.0
CC3-3_L,14,6,99.0
CC3-3_N,9,3,85.0
GP2-3_D,11,6,99.0
CC3-3_N,11,3,89.0
CC3-3_N,10,3,78.0
CC3-3_N,11,3,83.0
CC3-3_C,11,3,83.0
CC3-3_N,10,3,88.0
CC3-3_N,10,3,82.0
CC3-3_N,11,4,99.0
CC3-3_N,11,3,89.0
CC3-3_N,11,4,81.0
CC3-3_E,11,4,87.0
GP2-3_N,13,4,72.0
CC3-3_N,8,3,98.0
CC3-3_I,19,10,99.0
GP2-3_H,17,9,99.0
GP2-3_H,10,3,88.0
CC3-3_N,10,4,99.0
CC3-3_N,8,3,70.0
CC3-3_N,13,4,70.0
CC3-3_L,6,9,99.0
GP2-3_H,13,4,99.0
CC3-3_N,10,3,92.0
CC3-3_N,10,3,95.0
GP2-3_H,11,4,84.0
CC3-3_N,10,3,68.0
GP2-3_O,20,12,99.0
CC3-3_I,12,4,99.0
CC3-3_I,13,5,92.0
CC3-3_O,11,3,89.0
CC3-3_J,13,5,99.0
CC3-3_N,10,3,74.0
CC3-3_N,10,3,89.0
GP2-3_H,11,3,86.0
CC3-3_N,11,3,86.0
CC3-3_N,13,4,78.0
CC3-3_N,10,4,79.0
CC3-3_E,11,3,81.0
GP2-3_E,7,7,99.0
CC3-3_E,15,5,99.0
CC3-3_N,10,3,92.0
CC3-3_E,13,4,99.0
CC3-3_N,11,3,73.0
CC3-3_N,10,3,88.0
CC3-3_D,9,15,99.0
CC3-3_N,10,3,78.0
GP2-3_J,10,7,99.0
CC3-3_N,8,3,95.0
CC3-3_N,8,3,96.0
CC3-3_N,10,3,69.0
GP2-3_N,12,4,75.0
GP2-3_B,10,3,89.0
CC3-3_N,6,4,99.0
CC3-3_N,13,4,81.0
CC3-3_E,11,3,92.0
GP2-3_B,11,3,83.0
CC3-3_N,10,3,72.0
CC3-3_N,11,3,73.0
CC3-3_I,10,15,99.0
CC3-3_N,12,4,85.0
GP2-3_F,18,11,99.0
GP2-3_M,11,4,99.0
CC3-3_N,9,4,84.0
CC3-3_C,13,4,93.0
GP2-3_E,15,6,99.0
CC3-3_N,11,3,79.0
GP2-3_I,15,5,99.0
CC3-3_N,9,2,99.0
GP2-3_O,10,3,89.0
GP2-3_N,15,7,99.0
CC3-3_D,13,4,78.0
CC3-3_O,11,3,86.0
CC3-3_N,11,3,75.0
CC3-3_E,14,5,99.0
CC3-3_E,12,4,99.0
GP2-3_N,14,5,80.0
GP2-3_E,9,3,99.0
GP2-3_E,9,2,96.0
GP2-3_H,11,3,83.0
GP2-3_H,11,3,71.0
CC3-3_N,10,5,99.0
CC3-3_N,13,4,82.0
CC3-3_N,11,3,82.0
CC3-3_N,12,4,85.0
CC3-3_N,11,3,71.0
GP2-3_E,11,3,83.0
CC3-3_N,11,3,79.0
CC3-3_N,11,3,75.0
GP2-3_E,10,3,86.0
CC3-3_N,11,3,83.0
CC3-3_F,15,9,99.0
CC3-3_N,11,3,79.0
CC3-3_N,11,3,72.0
GP2-3_H,11,3,87.0
GP2-3_F,15,5,99.0
GP2-3_F,15,5,99.0
CC3-3_N,11,3,77.0
CC3-3_N,10,3,86.0
CC3-3_N,12,4,85.0
CC3-3_N,11,3,86.0
